CÓD. DEP.,DEPARTAMENTO,CÓD. MUN.,MUNICIPIO,GRUPO DE CULTIVO,SUBGRUPO DE CULTIVO,CULTIVO,DESAGREGACIÓN REGIONAL Y/O SISTEMA PRODUCTIVO,CÓDIGO CULTIVO,NOMBRE CIENTIFICO,PERIODO,Área Sembrada(ha),Área Cosechada(ha),Producción(t),Rendimiento(t/ha),ESTADO FISICO PRODUCCION
17,CALDAS,17877,VITERBO,LEGUMINOSAS,SOYA,SOYA,SOYA,"111,031,450,475",GLYCINE MAX ,2006B,18,18,39,2.2,GRANO SECO
85,CASANARE,85440,VILLANUEVA,LEGUMINOSAS,SOYA,SOYA,SOYA,"111,031,450,475",GLYCINE MAX ,2006B,400,400,600,1.5,GRANO SECO
85,CASANARE,85225,NUNCHIA,LEGUMINOSAS,SOYA,SOYA,SOYA,"111,031,450,475",GLYCINE MAX ,2006B,80,80,120,1.5,GRANO SECO
19,CAUCA,19513,PADILLA,LEGUMINOSAS,SOYA,SOYA,SOYA,"111,031,450,475",GLYCINE MAX ,2006B,8,8,24,3,GRANO SECO
19,CAUCA,19845,VILLA RICA,LEGUMINOSAS,SOYA,SOYA,SOYA,"111,031,450,475",GLYCINE MAX ,2006B,7,7,21,3,GRANO SECO
50,META,50001,VILLAVICENCIO,LEGUMINOSAS,SOYA,SOYA,SOYA,"111,031,450,475",GLYCINE MAX ,2006B,"13,200","13,200","23,760",1.8,GRANO SECO
50,META,50573,PUERTO LOPEZ,LEGUMINOSAS,SOYA,SOYA,SOYA,"111,031,450,475",GLYCINE MAX ,2006B,"3,930","3,930","7,860",2,GRANO SECO
50,META,50124,CABUYARO,LEGUMINOSAS,SOYA,SOYA,SOYA,"111,031,450,475",GLYCINE MAX ,2006B,810,810,"1,377",1.7,GRANO SECO
50,META,50287,FUENTE DE ORO,LEGUMINOSAS,SOYA,SOYA,SOYA,"111,031,450,475",GLYCINE MAX ,2006B,470,470,799,1.7,GRANO SECO
50,META,50226,CUMARAL,LEGUMINOSAS,SOYA,SOYA,SOYA,"111,031,450,475",GLYCINE MAX ,2006B,450,450,720,1.6,GRANO SECO
50,META,50313,GRANADA,LEGUMINOSAS,SOYA,SOYA,SOYA,"111,031,450,475",GLYCINE MAX ,2006B,450,450,720,1.6,GRANO SECO
50,META,50400,LEJANIAS,LEGUMINOSAS,SOYA,SOYA,SOYA,"111,031,450,475",GLYCINE MAX ,2006B,370,370,592,1.6,GRANO SECO
50,META,50680,SAN CARLOS DE GUAROA,LEGUMINOSAS,SOYA,SOYA,SOYA,"111,031,450,475",GLYCINE MAX ,2006B,350,350,525,1.5,GRANO SECO
50,META,50006,ACACIAS,LEGUMINOSAS,SOYA,SOYA,SOYA,"111,031,450,475",GLYCINE MAX ,2006B,230,230,368,1.6,GRANO SECO
50,META,50110,BARRANCA DE UPIA,LEGUMINOSAS,SOYA,SOYA,SOYA,"111,031,450,475",GLYCINE MAX ,2006B,210,210,252,1.2,GRANO SECO
50,META,50606,RESTREPO,LEGUMINOSAS,SOYA,SOYA,SOYA,"111,031,450,475",GLYCINE MAX ,2006B,210,210,294,1.4,GRANO SECO
63,QUINDIO,63401,LA TEBAIDA,LEGUMINOSAS,SOYA,SOYA,SOYA,"111,031,450,475",GLYCINE MAX ,2006B,15,15,37,2.5,GRANO SECO
63,QUINDIO,63548,PIJAO,LEGUMINOSAS,SOYA,SOYA,SOYA,"111,031,450,475",GLYCINE MAX ,2006B,5,5,13,2.5,GRANO SECO
76,VALLE DEL CAUCA,76497,OBANDO,LEGUMINOSAS,SOYA,SOYA,SOYA,"111,031,450,475",GLYCINE MAX ,2006B,"1,002","1,002","2,505",2.5,GRANO SECO
76,VALLE DEL CAUCA,76147,CARTAGO,LEGUMINOSAS,SOYA,SOYA,SOYA,"111,031,450,475",GLYCINE MAX ,2006B,661,661,"1,322",2,GRANO SECO
76,VALLE DEL CAUCA,76895,ZARZAL,LEGUMINOSAS,SOYA,SOYA,SOYA,"111,031,450,475",GLYCINE MAX ,2006B,197,197,394,2,GRANO SECO
76,VALLE DEL CAUCA,76111,BUGA,LEGUMINOSAS,SOYA,SOYA,SOYA,"111,031,450,475",GLYCINE MAX ,2006B,155,155,465,3,GRANO SECO
76,VALLE DEL CAUCA,76113,BUGALAGRANDE,LEGUMINOSAS,SOYA,SOYA,SOYA,"111,031,450,475",GLYCINE MAX ,2006B,150,150,375,2.5,GRANO SECO
76,VALLE DEL CAUCA,76823,TORO,LEGUMINOSAS,SOYA,SOYA,SOYA,"111,031,450,475",GLYCINE MAX ,2006B,140,140,448,3.2,GRANO SECO
76,VALLE DEL CAUCA,76306,GINEBRA,LEGUMINOSAS,SOYA,SOYA,SOYA,"111,031,450,475",GLYCINE MAX ,2006B,113,113,260,2.3,GRANO SECO
76,VALLE DEL CAUCA,76403,LA VICTORIA,LEGUMINOSAS,SOYA,SOYA,SOYA,"111,031,450,475",GLYCINE MAX ,2006B,93,93,195,2.1,GRANO SECO
76,VALLE DEL CAUCA,76122,CAICEDONIA,LEGUMINOSAS,SOYA,SOYA,SOYA,"111,031,450,475",GLYCINE MAX ,2006B,75,75,165,2.2,GRANO SECO
76,VALLE DEL CAUCA,76036,ANDALUCIA,LEGUMINOSAS,SOYA,SOYA,SOYA,"111,031,450,475",GLYCINE MAX ,2006B,31,31,120,3.9,GRANO SECO
76,VALLE DEL CAUCA,76520,PALMIRA,LEGUMINOSAS,SOYA,SOYA,SOYA,"111,031,450,475",GLYCINE MAX ,2006B,22,22,56,2.5,GRANO SECO
76,VALLE DEL CAUCA,76400,LA UNION,LEGUMINOSAS,SOYA,SOYA,SOYA,"111,031,450,475",GLYCINE MAX ,2006B,22,22,59,2.7,GRANO SECO
76,VALLE DEL CAUCA,76670,SAN PEDRO,LEGUMINOSAS,SOYA,SOYA,SOYA,"111,031,450,475",GLYCINE MAX ,2006B,20,20,30,1.5,GRANO SECO
76,VALLE DEL CAUCA,76364,JAMUNDI,LEGUMINOSAS,SOYA,SOYA,SOYA,"111,031,450,475",GLYCINE MAX ,2006B,20,20,36,1.8,GRANO SECO
76,VALLE DEL CAUCA,76563,PRADERA,LEGUMINOSAS,SOYA,SOYA,SOYA,"111,031,450,475",GLYCINE MAX ,2006B,10,10,25,2.5,GRANO SECO
19,CAUCA,19845,VILLA RICA,LEGUMINOSAS,SOYA,SOYA,SOYA,"111,031,450,475",GLYCINE MAX ,2007A,7,7,21,3,GRANO SECO
19,CAUCA,19513,PADILLA,LEGUMINOSAS,SOYA,SOYA,SOYA,"111,031,450,475",GLYCINE MAX ,2007A,6,5,15,3,GRANO SECO
19,CAUCA,19300,GUACHENE,LEGUMINOSAS,SOYA,SOYA,SOYA,"111,031,450,475",GLYCINE MAX ,2007A,5,5,14,2.5,GRANO SECO
19,CAUCA,19573,PUERTO TEJADA,LEGUMINOSAS,SOYA,SOYA,SOYA,"111,031,450,475",GLYCINE MAX ,2007A,4,4,9,2.5,GRANO SECO
50,META,50573,PUERTO LOPEZ,LEGUMINOSAS,SOYA,SOYA,SOYA,"111,031,450,475",GLYCINE MAX ,2007A,"2,369","2,369","4,738",2,GRANO SECO
76,VALLE DEL CAUCA,76497,OBANDO,LEGUMINOSAS,SOYA,SOYA,SOYA,"111,031,450,475",GLYCINE MAX ,2007A,"1,100","1,100","2,750",2.5,GRANO SECO
76,VALLE DEL CAUCA,76147,CARTAGO,LEGUMINOSAS,SOYA,SOYA,SOYA,"111,031,450,475",GLYCINE MAX ,2007A,792,792,"1,584",2,GRANO SECO
76,VALLE DEL CAUCA,76895,ZARZAL,LEGUMINOSAS,SOYA,SOYA,SOYA,"111,031,450,475",GLYCINE MAX ,2007A,187,187,374,2,GRANO SECO
76,VALLE DEL CAUCA,76306,GINEBRA,LEGUMINOSAS,SOYA,SOYA,SOYA,"111,031,450,475",GLYCINE MAX ,2007A,170,170,391,2.3,GRANO SECO
76,VALLE DEL CAUCA,76111,BUGA,LEGUMINOSAS,SOYA,SOYA,SOYA,"111,031,450,475",GLYCINE MAX ,2007A,136,136,381,2.8,GRANO SECO
76,VALLE DEL CAUCA,76122,CAICEDONIA,LEGUMINOSAS,SOYA,SOYA,SOYA,"111,031,450,475",GLYCINE MAX ,2007A,113,113,249,2.2,GRANO SECO
76,VALLE DEL CAUCA,76403,LA VICTORIA,LEGUMINOSAS,SOYA,SOYA,SOYA,"111,031,450,475",GLYCINE MAX ,2007A,100,100,210,2.1,GRANO SECO
76,VALLE DEL CAUCA,76670,SAN PEDRO,LEGUMINOSAS,SOYA,SOYA,SOYA,"111,031,450,475",GLYCINE MAX ,2007A,25,25,38,1.5,GRANO SECO
76,VALLE DEL CAUCA,76400,LA UNION,LEGUMINOSAS,SOYA,SOYA,SOYA,"111,031,450,475",GLYCINE MAX ,2007A,21,21,65,3.1,GRANO SECO
76,VALLE DEL CAUCA,76520,PALMIRA,LEGUMINOSAS,SOYA,SOYA,SOYA,"111,031,450,475",GLYCINE MAX ,2007A,20,20,50,2.5,GRANO SECO
76,VALLE DEL CAUCA,76036,ANDALUCIA,LEGUMINOSAS,SOYA,SOYA,SOYA,"111,031,450,475",GLYCINE MAX ,2007A,20,20,74,3.7,GRANO SECO
76,VALLE DEL CAUCA,76364,JAMUNDI,LEGUMINOSAS,SOYA,SOYA,SOYA,"111,031,450,475",GLYCINE MAX ,2007A,15,15,27,1.8,GRANO SECO
76,VALLE DEL CAUCA,76563,PRADERA,LEGUMINOSAS,SOYA,SOYA,SOYA,"111,031,450,475",GLYCINE MAX ,2007A,10,10,25,2.5,GRANO SECO
76,VALLE DEL CAUCA,76823,TORO,LEGUMINOSAS,SOYA,SOYA,SOYA,"111,031,450,475",GLYCINE MAX ,2007A,10,10,45,4.5,GRANO SECO
76,VALLE DEL CAUCA,76275,FLORIDA,LEGUMINOSAS,SOYA,SOYA,SOYA,"111,031,450,475",GLYCINE MAX ,2007A,2,2,9,4.5,GRANO SECO
8,ATLANTICO,8436,MANATI,LEGUMINOSAS,SOYA,SOYA,SOYA,"111,031,450,475",GLYCINE MAX ,2007B,99,25,50,2,GRANO SECO
17,CALDAS,17877,VITERBO,LEGUMINOSAS,SOYA,SOYA,SOYA,"111,031,450,475",GLYCINE MAX ,2007B,19,19,46,2.4,GRANO SECO
85,CASANARE,85440,VILLANUEVA,LEGUMINOSAS,SOYA,SOYA,SOYA,"111,031,450,475",GLYCINE MAX ,2007B,400,400,800,2,GRANO SECO
85,CASANARE,85225,NUNCHIA,LEGUMINOSAS,SOYA,SOYA,SOYA,"111,031,450,475",GLYCINE MAX ,2007B,80,80,120,1.5,GRANO SECO
19,CAUCA,19845,VILLA RICA,LEGUMINOSAS,SOYA,SOYA,SOYA,"111,031,450,475",GLYCINE MAX ,2007B,4,3,8,2.7,GRANO SECO
19,CAUCA,19513,PADILLA,LEGUMINOSAS,SOYA,SOYA,SOYA,"111,031,450,475",GLYCINE MAX ,2007B,4,4,10,2.5,GRANO SECO
19,CAUCA,19573,PUERTO TEJADA,LEGUMINOSAS,SOYA,SOYA,SOYA,"111,031,450,475",GLYCINE MAX ,2007B,2,2,7,3.4,GRANO SECO
50,META,50001,VILLAVICENCIO,LEGUMINOSAS,SOYA,SOYA,SOYA,"111,031,450,475",GLYCINE MAX ,2007B,"7,540","7,540","13,572",1.8,GRANO SECO
50,META,50573,PUERTO LOPEZ,LEGUMINOSAS,SOYA,SOYA,SOYA,"111,031,450,475",GLYCINE MAX ,2007B,"5,056","5,056","11,629",2.3,GRANO SECO
50,META,50568,PUERTO GAITAN,LEGUMINOSAS,SOYA,SOYA,SOYA,"111,031,450,475",GLYCINE MAX ,2007B,"1,300","1,300","3,250",2.5,GRANO SECO
50,META,50287,FUENTE DE ORO,LEGUMINOSAS,SOYA,SOYA,SOYA,"111,031,450,475",GLYCINE MAX ,2007B,800,800,"1,600",2,GRANO SECO
50,META,50680,SAN CARLOS DE GUAROA,LEGUMINOSAS,SOYA,SOYA,SOYA,"111,031,450,475",GLYCINE MAX ,2007B,772,771,"1,157",1.5,GRANO SECO
50,META,50124,CABUYARO,LEGUMINOSAS,SOYA,SOYA,SOYA,"111,031,450,475",GLYCINE MAX ,2007B,542,542,921,1.7,GRANO SECO
50,META,50313,GRANADA,LEGUMINOSAS,SOYA,SOYA,SOYA,"111,031,450,475",GLYCINE MAX ,2007B,438,438,701,1.6,GRANO SECO
50,META,50110,BARRANCA DE UPIA,LEGUMINOSAS,SOYA,SOYA,SOYA,"111,031,450,475",GLYCINE MAX ,2007B,350,350,630,1.8,GRANO SECO
50,META,50606,RESTREPO,LEGUMINOSAS,SOYA,SOYA,SOYA,"111,031,450,475",GLYCINE MAX ,2007B,255,255,357,1.4,GRANO SECO
50,META,50226,CUMARAL,LEGUMINOSAS,SOYA,SOYA,SOYA,"111,031,450,475",GLYCINE MAX ,2007B,144,143,230,1.6,GRANO SECO
50,META,50006,ACACIAS,LEGUMINOSAS,SOYA,SOYA,SOYA,"111,031,450,475",GLYCINE MAX ,2007B,142,141,227,1.6,GRANO SECO
50,META,50400,LEJANIAS,LEGUMINOSAS,SOYA,SOYA,SOYA,"111,031,450,475",GLYCINE MAX ,2007B,97,96,154,1.6,GRANO SECO
50,META,50251,EL CASTILLO,LEGUMINOSAS,SOYA,SOYA,SOYA,"111,031,450,475",GLYCINE MAX ,2007B,15,15,24,1.6,GRANO SECO
50,META,50577,PUERTO LLERAS,LEGUMINOSAS,SOYA,SOYA,SOYA,"111,031,450,475",GLYCINE MAX ,2007B,10,10,18,1.8,GRANO SECO
76,VALLE DEL CAUCA,76497,OBANDO,LEGUMINOSAS,SOYA,SOYA,SOYA,"111,031,450,475",GLYCINE MAX ,2007B,990,990,"2,376",2.4,GRANO SECO
76,VALLE DEL CAUCA,76147,CARTAGO,LEGUMINOSAS,SOYA,SOYA,SOYA,"111,031,450,475",GLYCINE MAX ,2007B,434,434,930,2.1,GRANO SECO
76,VALLE DEL CAUCA,76306,GINEBRA,LEGUMINOSAS,SOYA,SOYA,SOYA,"111,031,450,475",GLYCINE MAX ,2007B,180,175,438,2.5,GRANO SECO
76,VALLE DEL CAUCA,76895,ZARZAL,LEGUMINOSAS,SOYA,SOYA,SOYA,"111,031,450,475",GLYCINE MAX ,2007B,178,178,356,2,GRANO SECO
76,VALLE DEL CAUCA,76111,BUGA,LEGUMINOSAS,SOYA,SOYA,SOYA,"111,031,450,475",GLYCINE MAX ,2007B,167,160,400,2.5,GRANO SECO
76,VALLE DEL CAUCA,76403,LA VICTORIA,LEGUMINOSAS,SOYA,SOYA,SOYA,"111,031,450,475",GLYCINE MAX ,2007B,130,126,316,2.5,GRANO SECO
76,VALLE DEL CAUCA,76122,CAICEDONIA,LEGUMINOSAS,SOYA,SOYA,SOYA,"111,031,450,475",GLYCINE MAX ,2007B,96,96,211,2.2,GRANO SECO
76,VALLE DEL CAUCA,76113,BUGALAGRANDE,LEGUMINOSAS,SOYA,SOYA,SOYA,"111,031,450,475",GLYCINE MAX ,2007B,75,74,185,2.5,GRANO SECO
76,VALLE DEL CAUCA,76622,ROLDANILLO,LEGUMINOSAS,SOYA,SOYA,SOYA,"111,031,450,475",GLYCINE MAX ,2007B,35,35,70,2,GRANO SECO
76,VALLE DEL CAUCA,76364,JAMUNDI,LEGUMINOSAS,SOYA,SOYA,SOYA,"111,031,450,475",GLYCINE MAX ,2007B,25,25,48,1.9,GRANO SECO
76,VALLE DEL CAUCA,76036,ANDALUCIA,LEGUMINOSAS,SOYA,SOYA,SOYA,"111,031,450,475",GLYCINE MAX ,2007B,25,25,98,3.9,GRANO SECO
76,VALLE DEL CAUCA,76670,SAN PEDRO,LEGUMINOSAS,SOYA,SOYA,SOYA,"111,031,450,475",GLYCINE MAX ,2007B,20,19,31,1.6,GRANO SECO
76,VALLE DEL CAUCA,76400,LA UNION,LEGUMINOSAS,SOYA,SOYA,SOYA,"111,031,450,475",GLYCINE MAX ,2007B,20,20,50,2.5,GRANO SECO
76,VALLE DEL CAUCA,76520,PALMIRA,LEGUMINOSAS,SOYA,SOYA,SOYA,"111,031,450,475",GLYCINE MAX ,2007B,20,20,52,2.6,GRANO SECO
76,VALLE DEL CAUCA,76823,TORO,LEGUMINOSAS,SOYA,SOYA,SOYA,"111,031,450,475",GLYCINE MAX ,2007B,11,10,33,3.3,GRANO SECO
76,VALLE DEL CAUCA,76563,PRADERA,LEGUMINOSAS,SOYA,SOYA,SOYA,"111,031,450,475",GLYCINE MAX ,2007B,10,10,25,2.5,GRANO SECO
8,ATLANTICO,8436,MANATI,LEGUMINOSAS,SOYA,SOYA,SOYA,"111,031,450,475",GLYCINE MAX ,2008A,28,25,70,2.8,GRANO SECO
19,CAUCA,19300,GUACHENE,LEGUMINOSAS,SOYA,SOYA,SOYA,"111,031,450,475",GLYCINE MAX ,2008A,80,40,100,2.5,GRANO SECO
19,CAUCA,19573,PUERTO TEJADA,LEGUMINOSAS,SOYA,SOYA,SOYA,"111,031,450,475",GLYCINE MAX ,2008A,22,22,70,3.2,GRANO SECO
19,CAUCA,19513,PADILLA,LEGUMINOSAS,SOYA,SOYA,SOYA,"111,031,450,475",GLYCINE MAX ,2008A,5,4,8,2,GRANO SECO
19,CAUCA,19845,VILLA RICA,LEGUMINOSAS,SOYA,SOYA,SOYA,"111,031,450,475",GLYCINE MAX ,2008A,4,4,11,2.8,GRANO SECO
50,META,50568,PUERTO GAITAN,LEGUMINOSAS,SOYA,SOYA,SOYA,"111,031,450,475",GLYCINE MAX ,2008A,"2,000","2,000","5,000",2.5,GRANO SECO
50,META,50573,PUERTO LOPEZ,LEGUMINOSAS,SOYA,SOYA,SOYA,"111,031,450,475",GLYCINE MAX ,2008A,"1,250","1,250","2,875",2.3,GRANO SECO
63,QUINDIO,63272,FILANDIA,LEGUMINOSAS,SOYA,SOYA,SOYA,"111,031,450,475",GLYCINE MAX ,2008A,1,1,1,2,GRANO SECO
76,VALLE DEL CAUCA,76497,OBANDO,LEGUMINOSAS,SOYA,SOYA,SOYA,"111,031,450,475",GLYCINE MAX ,2008A,"1,000","1,000","2,400",2.4,GRANO SECO
76,VALLE DEL CAUCA,76147,CARTAGO,LEGUMINOSAS,SOYA,SOYA,SOYA,"111,031,450,475",GLYCINE MAX ,2008A,679,625,"1,525",2.4,GRANO SECO
76,VALLE DEL CAUCA,76306,GINEBRA,LEGUMINOSAS,SOYA,SOYA,SOYA,"111,031,450,475",GLYCINE MAX ,2008A,170,170,391,2.3,GRANO SECO
76,VALLE DEL CAUCA,76403,LA VICTORIA,LEGUMINOSAS,SOYA,SOYA,SOYA,"111,031,450,475",GLYCINE MAX ,2008A,160,151,423,2.8,GRANO SECO
76,VALLE DEL CAUCA,76111,BUGA,LEGUMINOSAS,SOYA,SOYA,SOYA,"111,031,450,475",GLYCINE MAX ,2008A,133,130,273,2.1,GRANO SECO
76,VALLE DEL CAUCA,76122,CAICEDONIA,LEGUMINOSAS,SOYA,SOYA,SOYA,"111,031,450,475",GLYCINE MAX ,2008A,130,130,286,2.2,GRANO SECO
76,VALLE DEL CAUCA,76400,LA UNION,LEGUMINOSAS,SOYA,SOYA,SOYA,"111,031,450,475",GLYCINE MAX ,2008A,120,120,300,2.5,GRANO SECO
76,VALLE DEL CAUCA,76895,ZARZAL,LEGUMINOSAS,SOYA,SOYA,SOYA,"111,031,450,475",GLYCINE MAX ,2008A,115,115,230,2,GRANO SECO
76,VALLE DEL CAUCA,76036,ANDALUCIA,LEGUMINOSAS,SOYA,SOYA,SOYA,"111,031,450,475",GLYCINE MAX ,2008A,48,48,254,5.3,GRANO SECO
76,VALLE DEL CAUCA,76823,TORO,LEGUMINOSAS,SOYA,SOYA,SOYA,"111,031,450,475",GLYCINE MAX ,2008A,36,32,122,3.8,GRANO SECO
76,VALLE DEL CAUCA,76670,SAN PEDRO,LEGUMINOSAS,SOYA,SOYA,SOYA,"111,031,450,475",GLYCINE MAX ,2008A,20,20,30,1.5,GRANO SECO
76,VALLE DEL CAUCA,76520,PALMIRA,LEGUMINOSAS,SOYA,SOYA,SOYA,"111,031,450,475",GLYCINE MAX ,2008A,20,20,50,2.5,GRANO SECO
76,VALLE DEL CAUCA,76364,JAMUNDI,LEGUMINOSAS,SOYA,SOYA,SOYA,"111,031,450,475",GLYCINE MAX ,2008A,17,15,18,1.2,GRANO SECO
76,VALLE DEL CAUCA,76622,ROLDANILLO,LEGUMINOSAS,SOYA,SOYA,SOYA,"111,031,450,475",GLYCINE MAX ,2008A,10,10,23,2.3,GRANO SECO
8,ATLANTICO,8436,MANATI,LEGUMINOSAS,SOYA,SOYA,SOYA,"111,031,450,475",GLYCINE MAX ,2008B,20,20,56,2.8,GRANO SECO
85,CASANARE,85440,VILLANUEVA,LEGUMINOSAS,SOYA,SOYA,SOYA,"111,031,450,475",GLYCINE MAX ,2008B,400,400,800,2,GRANO SECO
85,CASANARE,85225,NUNCHIA,LEGUMINOSAS,SOYA,SOYA,SOYA,"111,031,450,475",GLYCINE MAX ,2008B,80,80,120,1.5,GRANO SECO
19,CAUCA,19300,GUACHENE,LEGUMINOSAS,SOYA,SOYA,SOYA,"111,031,450,475",GLYCINE MAX ,2008B,25,10,25,2.5,GRANO SECO
19,CAUCA,19513,PADILLA,LEGUMINOSAS,SOYA,SOYA,SOYA,"111,031,450,475",GLYCINE MAX ,2008B,8,7,17,2.4,GRANO SECO
19,CAUCA,19845,VILLA RICA,LEGUMINOSAS,SOYA,SOYA,SOYA,"111,031,450,475",GLYCINE MAX ,2008B,7,7,18,2.6,GRANO SECO
19,CAUCA,19573,PUERTO TEJADA,LEGUMINOSAS,SOYA,SOYA,SOYA,"111,031,450,475",GLYCINE MAX ,2008B,3,3,9,3,GRANO SECO
50,META,50001,VILLAVICENCIO,LEGUMINOSAS,SOYA,SOYA,SOYA,"111,031,450,475",GLYCINE MAX ,2008B,"7,300","7,300","10,220",1.4,GRANO SECO
50,META,50573,PUERTO LOPEZ,LEGUMINOSAS,SOYA,SOYA,SOYA,"111,031,450,475",GLYCINE MAX ,2008B,"4,640","4,640","10,672",2.3,GRANO SECO
50,META,50568,PUERTO GAITAN,LEGUMINOSAS,SOYA,SOYA,SOYA,"111,031,450,475",GLYCINE MAX ,2008B,"2,470","2,470","6,175",2.5,GRANO SECO
50,META,50313,GRANADA,LEGUMINOSAS,SOYA,SOYA,SOYA,"111,031,450,475",GLYCINE MAX ,2008B,"2,430","2,430","4,860",2,GRANO SECO
50,META,50124,CABUYARO,LEGUMINOSAS,SOYA,SOYA,SOYA,"111,031,450,475",GLYCINE MAX ,2008B,850,850,"1,445",1.7,GRANO SECO
50,META,50110,BARRANCA DE UPIA,LEGUMINOSAS,SOYA,SOYA,SOYA,"111,031,450,475",GLYCINE MAX ,2008B,800,800,"1,440",1.8,GRANO SECO
50,META,50287,FUENTE DE ORO,LEGUMINOSAS,SOYA,SOYA,SOYA,"111,031,450,475",GLYCINE MAX ,2008B,580,580,"1,160",2,GRANO SECO
50,META,50680,SAN CARLOS DE GUAROA,LEGUMINOSAS,SOYA,SOYA,SOYA,"111,031,450,475",GLYCINE MAX ,2008B,540,540,810,1.5,GRANO SECO
50,META,50226,CUMARAL,LEGUMINOSAS,SOYA,SOYA,SOYA,"111,031,450,475",GLYCINE MAX ,2008B,450,450,720,1.6,GRANO SECO
50,META,50606,RESTREPO,LEGUMINOSAS,SOYA,SOYA,SOYA,"111,031,450,475",GLYCINE MAX ,2008B,403,403,564,1.4,GRANO SECO
50,META,50006,ACACIAS,LEGUMINOSAS,SOYA,SOYA,SOYA,"111,031,450,475",GLYCINE MAX ,2008B,250,250,400,1.6,GRANO SECO
50,META,50689,SAN MARTIN,LEGUMINOSAS,SOYA,SOYA,SOYA,"111,031,450,475",GLYCINE MAX ,2008B,65,65,98,1.5,GRANO SECO
50,META,50251,EL CASTILLO,LEGUMINOSAS,SOYA,SOYA,SOYA,"111,031,450,475",GLYCINE MAX ,2008B,40,40,64,1.6,GRANO SECO
76,VALLE DEL CAUCA,76497,OBANDO,LEGUMINOSAS,SOYA,SOYA,SOYA,"111,031,450,475",GLYCINE MAX ,2008B,"1,100","1,100","2,640",2.4,GRANO SECO
76,VALLE DEL CAUCA,76147,CARTAGO,LEGUMINOSAS,SOYA,SOYA,SOYA,"111,031,450,475",GLYCINE MAX ,2008B,524,460,"1,173",2.6,GRANO SECO
76,VALLE DEL CAUCA,76122,CAICEDONIA,LEGUMINOSAS,SOYA,SOYA,SOYA,"111,031,450,475",GLYCINE MAX ,2008B,148,148,326,2.2,GRANO SECO
76,VALLE DEL CAUCA,76111,BUGA,LEGUMINOSAS,SOYA,SOYA,SOYA,"111,031,450,475",GLYCINE MAX ,2008B,116,89,178,2,GRANO SECO
76,VALLE DEL CAUCA,76306,GINEBRA,LEGUMINOSAS,SOYA,SOYA,SOYA,"111,031,450,475",GLYCINE MAX ,2008B,110,110,264,2.4,GRANO SECO
76,VALLE DEL CAUCA,76895,ZARZAL,LEGUMINOSAS,SOYA,SOYA,SOYA,"111,031,450,475",GLYCINE MAX ,2008B,97,97,194,2,GRANO SECO
76,VALLE DEL CAUCA,76400,LA UNION,LEGUMINOSAS,SOYA,SOYA,SOYA,"111,031,450,475",GLYCINE MAX ,2008B,73,73,183,2.5,GRANO SECO
76,VALLE DEL CAUCA,76403,LA VICTORIA,LEGUMINOSAS,SOYA,SOYA,SOYA,"111,031,450,475",GLYCINE MAX ,2008B,72,72,202,2.8,GRANO SECO
76,VALLE DEL CAUCA,76036,ANDALUCIA,LEGUMINOSAS,SOYA,SOYA,SOYA,"111,031,450,475",GLYCINE MAX ,2008B,43,43,237,5.5,GRANO SECO
76,VALLE DEL CAUCA,76520,PALMIRA,LEGUMINOSAS,SOYA,SOYA,SOYA,"111,031,450,475",GLYCINE MAX ,2008B,25,25,68,2.7,GRANO SECO
76,VALLE DEL CAUCA,76823,TORO,LEGUMINOSAS,SOYA,SOYA,SOYA,"111,031,450,475",GLYCINE MAX ,2008B,22,22,86,3.9,GRANO SECO
76,VALLE DEL CAUCA,76670,SAN PEDRO,LEGUMINOSAS,SOYA,SOYA,SOYA,"111,031,450,475",GLYCINE MAX ,2008B,20,20,30,1.5,GRANO SECO
76,VALLE DEL CAUCA,76364,JAMUNDI,LEGUMINOSAS,SOYA,SOYA,SOYA,"111,031,450,475",GLYCINE MAX ,2008B,15,15,18,1.2,GRANO SECO
8,ATLANTICO,8436,MANATI,LEGUMINOSAS,SOYA,SOYA,SOYA,"111,031,450,475",GLYCINE MAX ,2009A,28,25,70,2.8,GRANO SECO
17,CALDAS,17877,VITERBO,LEGUMINOSAS,SOYA,SOYA,SOYA,"111,031,450,475",GLYCINE MAX ,2009A,19,19,76,4,GRANO SECO
19,CAUCA,19845,VILLA RICA,LEGUMINOSAS,SOYA,SOYA,SOYA,"111,031,450,475",GLYCINE MAX ,2009A,8,6,18,3,GRANO SECO
19,CAUCA,19573,PUERTO TEJADA,LEGUMINOSAS,SOYA,SOYA,SOYA,"111,031,450,475",GLYCINE MAX ,2009A,5,5,12,2.3,GRANO SECO
50,META,50568,PUERTO GAITAN,LEGUMINOSAS,SOYA,SOYA,SOYA,"111,031,450,475",GLYCINE MAX ,2009A,"4,320","4,320","10,368",2.4,GRANO SECO
50,META,50573,PUERTO LOPEZ,LEGUMINOSAS,SOYA,SOYA,SOYA,"111,031,450,475",GLYCINE MAX ,2009A,"1,633","1,633","4,083",2.5,GRANO SECO
63,QUINDIO,63401,LA TEBAIDA,LEGUMINOSAS,SOYA,SOYA,SOYA,"111,031,450,475",GLYCINE MAX ,2009A,10,10,20,2,GRANO SECO
76,VALLE DEL CAUCA,76497,OBANDO,LEGUMINOSAS,SOYA,SOYA,SOYA,"111,031,450,475",GLYCINE MAX ,2009A,873,870,"1,740",2,GRANO SECO
76,VALLE DEL CAUCA,76147,CARTAGO,LEGUMINOSAS,SOYA,SOYA,SOYA,"111,031,450,475",GLYCINE MAX ,2009A,446,446,890,2,GRANO SECO
76,VALLE DEL CAUCA,76122,CAICEDONIA,LEGUMINOSAS,SOYA,SOYA,SOYA,"111,031,450,475",GLYCINE MAX ,2009A,206,201,442,2.2,GRANO SECO
76,VALLE DEL CAUCA,76403,LA VICTORIA,LEGUMINOSAS,SOYA,SOYA,SOYA,"111,031,450,475",GLYCINE MAX ,2009A,116,116,165,1.4,GRANO SECO
76,VALLE DEL CAUCA,76111,BUGA,LEGUMINOSAS,SOYA,SOYA,SOYA,"111,031,450,475",GLYCINE MAX ,2009A,95,95,196,2.1,GRANO SECO
76,VALLE DEL CAUCA,76622,ROLDANILLO,LEGUMINOSAS,SOYA,SOYA,SOYA,"111,031,450,475",GLYCINE MAX ,2009A,64,64,126,2,GRANO SECO
76,VALLE DEL CAUCA,76895,ZARZAL,LEGUMINOSAS,SOYA,SOYA,SOYA,"111,031,450,475",GLYCINE MAX ,2009A,50,50,100,2,GRANO SECO
76,VALLE DEL CAUCA,76400,LA UNION,LEGUMINOSAS,SOYA,SOYA,SOYA,"111,031,450,475",GLYCINE MAX ,2009A,34,32,80,2.5,GRANO SECO
76,VALLE DEL CAUCA,76100,BOLIVAR,LEGUMINOSAS,SOYA,SOYA,SOYA,"111,031,450,475",GLYCINE MAX ,2009A,27,26,52,2,GRANO SECO
76,VALLE DEL CAUCA,76670,SAN PEDRO,LEGUMINOSAS,SOYA,SOYA,SOYA,"111,031,450,475",GLYCINE MAX ,2009A,23,23,35,1.5,GRANO SECO
76,VALLE DEL CAUCA,76823,TORO,LEGUMINOSAS,SOYA,SOYA,SOYA,"111,031,450,475",GLYCINE MAX ,2009A,15,15,53,3.5,GRANO SECO
8,ATLANTICO,8436,MANATI,LEGUMINOSAS,SOYA,SOYA,SOYA,"111,031,450,475",GLYCINE MAX ,2009B,99,25,50,2,GRANO SECO
17,CALDAS,17877,VITERBO,LEGUMINOSAS,SOYA,SOYA,SOYA,"111,031,450,475",GLYCINE MAX ,2009B,19,19,76,4,GRANO SECO
85,CASANARE,85440,VILLANUEVA,LEGUMINOSAS,SOYA,SOYA,SOYA,"111,031,450,475",GLYCINE MAX ,2009B,47,47,94,2,GRANO SECO
19,CAUCA,19300,GUACHENE,LEGUMINOSAS,SOYA,SOYA,SOYA,"111,031,450,475",GLYCINE MAX ,2009B,42,42,126,3,GRANO SECO
19,CAUCA,19845,VILLA RICA,LEGUMINOSAS,SOYA,SOYA,SOYA,"111,031,450,475",GLYCINE MAX ,2009B,15,15,45,3,GRANO SECO
19,CAUCA,19573,PUERTO TEJADA,LEGUMINOSAS,SOYA,SOYA,SOYA,"111,031,450,475",GLYCINE MAX ,2009B,14,12,36,3,GRANO SECO
50,META,50001,VILLAVICENCIO,LEGUMINOSAS,SOYA,SOYA,SOYA,"111,031,450,475",GLYCINE MAX ,2009B,"6,580","6,580","11,844",1.8,GRANO SECO
50,META,50573,PUERTO LOPEZ,LEGUMINOSAS,SOYA,SOYA,SOYA,"111,031,450,475",GLYCINE MAX ,2009B,"4,875","4,875","12,188",2.5,GRANO SECO
50,META,50313,GRANADA,LEGUMINOSAS,SOYA,SOYA,SOYA,"111,031,450,475",GLYCINE MAX ,2009B,"2,310","2,310","3,696",1.6,GRANO SECO
50,META,50568,PUERTO GAITAN,LEGUMINOSAS,SOYA,SOYA,SOYA,"111,031,450,475",GLYCINE MAX ,2009B,"1,906","1,906","4,574",2.4,GRANO SECO
50,META,50680,SAN CARLOS DE GUAROA,LEGUMINOSAS,SOYA,SOYA,SOYA,"111,031,450,475",GLYCINE MAX ,2009B,460,460,690,1.5,GRANO SECO
50,META,50606,RESTREPO,LEGUMINOSAS,SOYA,SOYA,SOYA,"111,031,450,475",GLYCINE MAX ,2009B,400,400,560,1.4,GRANO SECO
50,META,50590,PUERTO RICO,LEGUMINOSAS,SOYA,SOYA,SOYA,"111,031,450,475",GLYCINE MAX ,2009B,360,360,756,2.1,GRANO SECO
50,META,50287,FUENTE DE ORO,LEGUMINOSAS,SOYA,SOYA,SOYA,"111,031,450,475",GLYCINE MAX ,2009B,280,280,560,2,GRANO SECO
50,META,50226,CUMARAL,LEGUMINOSAS,SOYA,SOYA,SOYA,"111,031,450,475",GLYCINE MAX ,2009B,230,230,368,1.6,GRANO SECO
50,META,50124,CABUYARO,LEGUMINOSAS,SOYA,SOYA,SOYA,"111,031,450,475",GLYCINE MAX ,2009B,220,220,374,1.7,GRANO SECO
50,META,50110,BARRANCA DE UPIA,LEGUMINOSAS,SOYA,SOYA,SOYA,"111,031,450,475",GLYCINE MAX ,2009B,190,190,342,1.8,GRANO SECO
50,META,50006,ACACIAS,LEGUMINOSAS,SOYA,SOYA,SOYA,"111,031,450,475",GLYCINE MAX ,2009B,160,160,256,1.6,GRANO SECO
50,META,50251,EL CASTILLO,LEGUMINOSAS,SOYA,SOYA,SOYA,"111,031,450,475",GLYCINE MAX ,2009B,40,40,64,1.6,GRANO SECO
63,QUINDIO,63401,LA TEBAIDA,LEGUMINOSAS,SOYA,SOYA,SOYA,"111,031,450,475",GLYCINE MAX ,2009B,10,10,20,2,GRANO SECO
76,VALLE DEL CAUCA,76497,OBANDO,LEGUMINOSAS,SOYA,SOYA,SOYA,"111,031,450,475",GLYCINE MAX ,2009B,797,797,"1,594",2,GRANO SECO
76,VALLE DEL CAUCA,76147,CARTAGO,LEGUMINOSAS,SOYA,SOYA,SOYA,"111,031,450,475",GLYCINE MAX ,2009B,605,605,"1,036",1.7,GRANO SECO
76,VALLE DEL CAUCA,76122,CAICEDONIA,LEGUMINOSAS,SOYA,SOYA,SOYA,"111,031,450,475",GLYCINE MAX ,2009B,140,140,308,2.2,GRANO SECO
76,VALLE DEL CAUCA,76111,BUGA,LEGUMINOSAS,SOYA,SOYA,SOYA,"111,031,450,475",GLYCINE MAX ,2009B,123,123,246,2,GRANO SECO
76,VALLE DEL CAUCA,76403,LA VICTORIA,LEGUMINOSAS,SOYA,SOYA,SOYA,"111,031,450,475",GLYCINE MAX ,2009B,81,80,108,1.4,GRANO SECO
76,VALLE DEL CAUCA,76670,SAN PEDRO,LEGUMINOSAS,SOYA,SOYA,SOYA,"111,031,450,475",GLYCINE MAX ,2009B,30,30,45,1.5,GRANO SECO
76,VALLE DEL CAUCA,76828,TRUJILLO,LEGUMINOSAS,SOYA,SOYA,SOYA,"111,031,450,475",GLYCINE MAX ,2009B,30,30,75,2.5,GRANO SECO
76,VALLE DEL CAUCA,76100,BOLIVAR,LEGUMINOSAS,SOYA,SOYA,SOYA,"111,031,450,475",GLYCINE MAX ,2009B,27,27,54,2,GRANO SECO
76,VALLE DEL CAUCA,76895,ZARZAL,LEGUMINOSAS,SOYA,SOYA,SOYA,"111,031,450,475",GLYCINE MAX ,2009B,21,21,42,2,GRANO SECO
76,VALLE DEL CAUCA,76622,ROLDANILLO,LEGUMINOSAS,SOYA,SOYA,SOYA,"111,031,450,475",GLYCINE MAX ,2009B,20,20,40,2,GRANO SECO
76,VALLE DEL CAUCA,76823,TORO,LEGUMINOSAS,SOYA,SOYA,SOYA,"111,031,450,475",GLYCINE MAX ,2009B,13,13,46,3.5,GRANO SECO
8,ATLANTICO,8436,MANATI,LEGUMINOSAS,SOYA,SOYA,SOYA,"111,031,450,475",GLYCINE MAX ,2010A,18,3,1,0.2,GRANO SECO
17,CALDAS,17877,VITERBO,LEGUMINOSAS,SOYA,SOYA,SOYA,"111,031,450,475",GLYCINE MAX ,2010A,115,115,368,3.2,GRANO SECO
19,CAUCA,19845,VILLA RICA,LEGUMINOSAS,SOYA,SOYA,SOYA,"111,031,450,475",GLYCINE MAX ,2010A,5,5,15,3,GRANO SECO
25,CUNDINAMARCA,25530,PARATEBUENO,LEGUMINOSAS,SOYA,SOYA,SOYA,"111,031,450,475",GLYCINE MAX ,2010A,90,90,252,2.8,GRANO SECO
50,META,50568,PUERTO GAITAN,LEGUMINOSAS,SOYA,SOYA,SOYA,"111,031,450,475",GLYCINE MAX ,2010A,"5,351","5,351","13,378",2.5,GRANO SECO
76,VALLE DEL CAUCA,76497,OBANDO,LEGUMINOSAS,SOYA,SOYA,SOYA,"111,031,450,475",GLYCINE MAX ,2010A,770,770,"2,233",2.9,GRANO SECO
76,VALLE DEL CAUCA,76147,CARTAGO,LEGUMINOSAS,SOYA,SOYA,SOYA,"111,031,450,475",GLYCINE MAX ,2010A,226,226,493,2.2,GRANO SECO
76,VALLE DEL CAUCA,76122,CAICEDONIA,LEGUMINOSAS,SOYA,SOYA,SOYA,"111,031,450,475",GLYCINE MAX ,2010A,157,157,345,2.2,GRANO SECO
76,VALLE DEL CAUCA,76111,BUGA,LEGUMINOSAS,SOYA,SOYA,SOYA,"111,031,450,475",GLYCINE MAX ,2010A,75,75,188,2.5,GRANO SECO
76,VALLE DEL CAUCA,76895,ZARZAL,LEGUMINOSAS,SOYA,SOYA,SOYA,"111,031,450,475",GLYCINE MAX ,2010A,58,58,116,2,GRANO SECO
76,VALLE DEL CAUCA,76318,GUACARI,LEGUMINOSAS,SOYA,SOYA,SOYA,"111,031,450,475",GLYCINE MAX ,2010A,58,58,174,3,GRANO SECO
76,VALLE DEL CAUCA,76622,ROLDANILLO,LEGUMINOSAS,SOYA,SOYA,SOYA,"111,031,450,475",GLYCINE MAX ,2010A,52,52,127,2.4,GRANO SECO
76,VALLE DEL CAUCA,76670,SAN PEDRO,LEGUMINOSAS,SOYA,SOYA,SOYA,"111,031,450,475",GLYCINE MAX ,2010A,35,35,105,3,GRANO SECO
76,VALLE DEL CAUCA,76100,BOLIVAR,LEGUMINOSAS,SOYA,SOYA,SOYA,"111,031,450,475",GLYCINE MAX ,2010A,27,27,68,2.5,GRANO SECO
76,VALLE DEL CAUCA,76403,LA VICTORIA,LEGUMINOSAS,SOYA,SOYA,SOYA,"111,031,450,475",GLYCINE MAX ,2010A,23,23,64,2.8,GRANO SECO
76,VALLE DEL CAUCA,76400,LA UNION,LEGUMINOSAS,SOYA,SOYA,SOYA,"111,031,450,475",GLYCINE MAX ,2010A,18,16,40,2.5,GRANO SECO
76,VALLE DEL CAUCA,76823,TORO,LEGUMINOSAS,SOYA,SOYA,SOYA,"111,031,450,475",GLYCINE MAX ,2010A,13,12,42,3.5,GRANO SECO
76,VALLE DEL CAUCA,76364,JAMUNDI,LEGUMINOSAS,SOYA,SOYA,SOYA,"111,031,450,475",GLYCINE MAX ,2010A,12,12,22,1.8,GRANO SECO
76,VALLE DEL CAUCA,76041,ANSERMANUEVO,LEGUMINOSAS,SOYA,SOYA,SOYA,"111,031,450,475",GLYCINE MAX ,2010A,4,4,7,2.1,GRANO SECO
17,CALDAS,17877,VITERBO,LEGUMINOSAS,SOYA,SOYA,SOYA,"111,031,450,475",GLYCINE MAX ,2010B,115,115,368,3.2,GRANO SECO
85,CASANARE,85440,VILLANUEVA,LEGUMINOSAS,SOYA,SOYA,SOYA,"111,031,450,475",GLYCINE MAX ,2010B,458,458,824,1.8,GRANO SECO
25,CUNDINAMARCA,25530,PARATEBUENO,LEGUMINOSAS,SOYA,SOYA,SOYA,"111,031,450,475",GLYCINE MAX ,2010B,40,40,80,2,GRANO SECO
50,META,50001,VILLAVICENCIO,LEGUMINOSAS,SOYA,SOYA,SOYA,"111,031,450,475",GLYCINE MAX ,2010B,"6,580","6,580","11,844",1.8,GRANO SECO
50,META,50573,PUERTO LOPEZ,LEGUMINOSAS,SOYA,SOYA,SOYA,"111,031,450,475",GLYCINE MAX ,2010B,"2,914","2,914","7,285",2.5,GRANO SECO
50,META,50568,PUERTO GAITAN,LEGUMINOSAS,SOYA,SOYA,SOYA,"111,031,450,475",GLYCINE MAX ,2010B,"2,850","2,850","7,125",2.5,GRANO SECO
50,META,50313,GRANADA,LEGUMINOSAS,SOYA,SOYA,SOYA,"111,031,450,475",GLYCINE MAX ,2010B,"2,580","2,580","4,128",1.6,GRANO SECO
50,META,50680,SAN CARLOS DE GUAROA,LEGUMINOSAS,SOYA,SOYA,SOYA,"111,031,450,475",GLYCINE MAX ,2010B,460,460,690,1.5,GRANO SECO
50,META,50287,FUENTE DE ORO,LEGUMINOSAS,SOYA,SOYA,SOYA,"111,031,450,475",GLYCINE MAX ,2010B,280,280,560,2,GRANO SECO
50,META,50226,CUMARAL,LEGUMINOSAS,SOYA,SOYA,SOYA,"111,031,450,475",GLYCINE MAX ,2010B,230,230,368,1.6,GRANO SECO
50,META,50006,ACACIAS,LEGUMINOSAS,SOYA,SOYA,SOYA,"111,031,450,475",GLYCINE MAX ,2010B,160,160,256,1.6,GRANO SECO
50,META,50124,CABUYARO,LEGUMINOSAS,SOYA,SOYA,SOYA,"111,031,450,475",GLYCINE MAX ,2010B,150,150,255,1.7,GRANO SECO
50,META,50110,BARRANCA DE UPIA,LEGUMINOSAS,SOYA,SOYA,SOYA,"111,031,450,475",GLYCINE MAX ,2010B,130,130,260,2,GRANO SECO
50,META,50251,EL CASTILLO,LEGUMINOSAS,SOYA,SOYA,SOYA,"111,031,450,475",GLYCINE MAX ,2010B,50,50,80,1.6,GRANO SECO
76,VALLE DEL CAUCA,76497,OBANDO,LEGUMINOSAS,SOYA,SOYA,SOYA,"111,031,450,475",GLYCINE MAX ,2010B,770,770,"2,233",2.9,GRANO SECO
76,VALLE DEL CAUCA,76111,BUGA,LEGUMINOSAS,SOYA,SOYA,SOYA,"111,031,450,475",GLYCINE MAX ,2010B,115,115,288,2.5,GRANO SECO
76,VALLE DEL CAUCA,76147,CARTAGO,LEGUMINOSAS,SOYA,SOYA,SOYA,"111,031,450,475",GLYCINE MAX ,2010B,65,65,143,2.2,GRANO SECO
76,VALLE DEL CAUCA,76122,CAICEDONIA,LEGUMINOSAS,SOYA,SOYA,SOYA,"111,031,450,475",GLYCINE MAX ,2010B,57,57,125,2.2,GRANO SECO
76,VALLE DEL CAUCA,76400,LA UNION,LEGUMINOSAS,SOYA,SOYA,SOYA,"111,031,450,475",GLYCINE MAX ,2010B,51,51,128,2.5,GRANO SECO
76,VALLE DEL CAUCA,76823,TORO,LEGUMINOSAS,SOYA,SOYA,SOYA,"111,031,450,475",GLYCINE MAX ,2010B,40,39,137,3.5,GRANO SECO
76,VALLE DEL CAUCA,76670,SAN PEDRO,LEGUMINOSAS,SOYA,SOYA,SOYA,"111,031,450,475",GLYCINE MAX ,2010B,35,35,105,3,GRANO SECO
76,VALLE DEL CAUCA,76895,ZARZAL,LEGUMINOSAS,SOYA,SOYA,SOYA,"111,031,450,475",GLYCINE MAX ,2010B,28,28,56,2,GRANO SECO
76,VALLE DEL CAUCA,76100,BOLIVAR,LEGUMINOSAS,SOYA,SOYA,SOYA,"111,031,450,475",GLYCINE MAX ,2010B,27,27,68,2.5,GRANO SECO
76,VALLE DEL CAUCA,76622,ROLDANILLO,LEGUMINOSAS,SOYA,SOYA,SOYA,"111,031,450,475",GLYCINE MAX ,2010B,17,17,41,2.4,GRANO SECO
76,VALLE DEL CAUCA,76041,ANSERMANUEVO,LEGUMINOSAS,SOYA,SOYA,SOYA,"111,031,450,475",GLYCINE MAX ,2010B,3,3,6,2.1,GRANO SECO
17,CALDAS,17877,VITERBO,LEGUMINOSAS,SOYA,SOYA,SOYA,"111,031,450,475",GLYCINE MAX ,2011A,80,80,256,3.2,GRANO SECO
19,CAUCA,19513,PADILLA,LEGUMINOSAS,SOYA,SOYA,SOYA,"111,031,450,475",GLYCINE MAX ,2011A,5,5,13,2.8,GRANO SECO
19,CAUCA,19300,GUACHENE,LEGUMINOSAS,SOYA,SOYA,SOYA,"111,031,450,475",GLYCINE MAX ,2011A,4,4,14,3.5,GRANO SECO
76,VALLE DEL CAUCA,76823,TORO,LEGUMINOSAS,SOYA,SOYA,SOYA,"111,031,450,475",GLYCINE MAX ,2011A,"1,617","1,617","4,172",2.6,GRANO SECO
76,VALLE DEL CAUCA,76622,ROLDANILLO,LEGUMINOSAS,SOYA,SOYA,SOYA,"111,031,450,475",GLYCINE MAX ,2011A,544,544,"1,185",2.2,GRANO SECO
76,VALLE DEL CAUCA,76400,LA UNION,LEGUMINOSAS,SOYA,SOYA,SOYA,"111,031,450,475",GLYCINE MAX ,2011A,316,316,591,1.9,GRANO SECO
76,VALLE DEL CAUCA,76497,OBANDO,LEGUMINOSAS,SOYA,SOYA,SOYA,"111,031,450,475",GLYCINE MAX ,2011A,245,245,386,1.6,GRANO SECO
76,VALLE DEL CAUCA,76147,CARTAGO,LEGUMINOSAS,SOYA,SOYA,SOYA,"111,031,450,475",GLYCINE MAX ,2011A,63,63,117,1.9,GRANO SECO
99,VICHADA,99624,SANTA ROSALIA,LEGUMINOSAS,SOYA,SOYA,SOYA,"111,031,450,475",GLYCINE MAX ,2011A,5,0,0,,GRANO SECO
17,CALDAS,17877,VITERBO,LEGUMINOSAS,SOYA,SOYA,SOYA,"111,031,450,475",GLYCINE MAX ,2011B,45,45,144,3.2,GRANO SECO
85,CASANARE,85440,VILLANUEVA,LEGUMINOSAS,SOYA,SOYA,SOYA,"111,031,450,475",GLYCINE MAX ,2011B,430,430,774,1.8,GRANO SECO
25,CUNDINAMARCA,25530,PARATEBUENO,LEGUMINOSAS,SOYA,SOYA,SOYA,"111,031,450,475",GLYCINE MAX ,2011B,370,300,600,2,GRANO SECO
41,HUILA,41615,RIVERA,LEGUMINOSAS,SOYA,SOYA,SOYA,"111,031,450,475",GLYCINE MAX ,2011B,16,16,40,2.5,GRANO SECO
50,META,50001,VILLAVICENCIO,LEGUMINOSAS,SOYA,SOYA,SOYA,"111,031,450,475",GLYCINE MAX ,2011B,"10,079","10,079","20,158",2,GRANO SECO
50,META,50573,PUERTO LOPEZ,LEGUMINOSAS,SOYA,SOYA,SOYA,"111,031,450,475",GLYCINE MAX ,2011B,"8,477","8,477","18,844",2.2,GRANO SECO
50,META,50313,GRANADA,LEGUMINOSAS,SOYA,SOYA,SOYA,"111,031,450,475",GLYCINE MAX ,2011B,"8,017","8,017","16,035",2,GRANO SECO
50,META,50568,PUERTO GAITAN,LEGUMINOSAS,SOYA,SOYA,SOYA,"111,031,450,475",GLYCINE MAX ,2011B,"3,653","3,653","9,661",2.6,GRANO SECO
50,META,50287,FUENTE DE ORO,LEGUMINOSAS,SOYA,SOYA,SOYA,"111,031,450,475",GLYCINE MAX ,2011B,"2,313","2,313","4,626",2,GRANO SECO
50,META,50606,RESTREPO,LEGUMINOSAS,SOYA,SOYA,SOYA,"111,031,450,475",GLYCINE MAX ,2011B,406,406,811,2,GRANO SECO
50,META,50711,VISTA HERMOSA,LEGUMINOSAS,SOYA,SOYA,SOYA,"111,031,450,475",GLYCINE MAX ,2011B,384,384,907,2.4,GRANO SECO
76,VALLE DEL CAUCA,76823,TORO,LEGUMINOSAS,SOYA,SOYA,SOYA,"111,031,450,475",GLYCINE MAX ,2011B,621,621,"1,026",1.7,GRANO SECO
76,VALLE DEL CAUCA,76622,ROLDANILLO,LEGUMINOSAS,SOYA,SOYA,SOYA,"111,031,450,475",GLYCINE MAX ,2011B,209,209,291,1.4,GRANO SECO
76,VALLE DEL CAUCA,76400,LA UNION,LEGUMINOSAS,SOYA,SOYA,SOYA,"111,031,450,475",GLYCINE MAX ,2011B,121,121,145,1.2,GRANO SECO
76,VALLE DEL CAUCA,76497,OBANDO,LEGUMINOSAS,SOYA,SOYA,SOYA,"111,031,450,475",GLYCINE MAX ,2011B,94,94,47,0.5,GRANO SECO
76,VALLE DEL CAUCA,76147,CARTAGO,LEGUMINOSAS,SOYA,SOYA,SOYA,"111,031,450,475",GLYCINE MAX ,2011B,24,24,29,1.2,GRANO SECO
99,VICHADA,99624,SANTA ROSALIA,LEGUMINOSAS,SOYA,SOYA,SOYA,"111,031,450,475",GLYCINE MAX ,2011B,700,0,0,,GRANO SECO
19,CAUCA,19513,PADILLA,LEGUMINOSAS,SOYA,SOYA,SOYA,"111,031,450,475",GLYCINE MAX ,2012A,5,5,15,3,GRANO SECO
41,HUILA,41615,RIVERA,LEGUMINOSAS,SOYA,SOYA,SOYA,"111,031,450,475",GLYCINE MAX ,2012A,5,5,13,2.5,GRANO SECO
50,META,50568,PUERTO GAITAN,LEGUMINOSAS,SOYA,SOYA,SOYA,"111,031,450,475",GLYCINE MAX ,2012A,"5,807","5,807","12,805",2.2,GRANO SECO
50,META,50573,PUERTO LOPEZ,LEGUMINOSAS,SOYA,SOYA,SOYA,"111,031,450,475",GLYCINE MAX ,2012A,"1,268","1,268","2,920",2.3,GRANO SECO
76,VALLE DEL CAUCA,76497,OBANDO,LEGUMINOSAS,SOYA,SOYA,SOYA,"111,031,450,475",GLYCINE MAX ,2012A,554,554,"1,210",2.2,GRANO SECO
76,VALLE DEL CAUCA,76403,LA VICTORIA,LEGUMINOSAS,SOYA,SOYA,SOYA,"111,031,450,475",GLYCINE MAX ,2012A,140,140,245,1.8,GRANO SECO
76,VALLE DEL CAUCA,76147,CARTAGO,LEGUMINOSAS,SOYA,SOYA,SOYA,"111,031,450,475",GLYCINE MAX ,2012A,96,96,164,1.7,GRANO SECO
76,VALLE DEL CAUCA,76670,SAN PEDRO,LEGUMINOSAS,SOYA,SOYA,SOYA,"111,031,450,475",GLYCINE MAX ,2012A,35,35,88,2.5,GRANO SECO
76,VALLE DEL CAUCA,76823,TORO,LEGUMINOSAS,SOYA,SOYA,SOYA,"111,031,450,475",GLYCINE MAX ,2012A,30,30,75,2.5,GRANO SECO
76,VALLE DEL CAUCA,76895,ZARZAL,LEGUMINOSAS,SOYA,SOYA,SOYA,"111,031,450,475",GLYCINE MAX ,2012A,20,20,60,3,GRANO SECO
76,VALLE DEL CAUCA,76622,ROLDANILLO,LEGUMINOSAS,SOYA,SOYA,SOYA,"111,031,450,475",GLYCINE MAX ,2012A,15,15,32,2.2,GRANO SECO
99,VICHADA,99773,CUMARIBO,LEGUMINOSAS,SOYA,SOYA,SOYA,"111,031,450,475",GLYCINE MAX ,2012A,"4,500","4,500","10,080",2.2,GRANO SECO
99,VICHADA,99524,LA PRIMAVERA,LEGUMINOSAS,SOYA,SOYA,SOYA,"111,031,450,475",GLYCINE MAX ,2012A,"1,000","1,000","2,660",2.7,GRANO SECO
85,CASANARE,85440,VILLANUEVA,LEGUMINOSAS,SOYA,SOYA,SOYA,"111,031,450,475",GLYCINE MAX ,2012B,400,400,800,2,GRANO SECO
19,CAUCA,19513,PADILLA,LEGUMINOSAS,SOYA,SOYA,SOYA,"111,031,450,475",GLYCINE MAX ,2012B,5,5,8,1.5,GRANO SECO
41,HUILA,41615,RIVERA,LEGUMINOSAS,SOYA,SOYA,SOYA,"111,031,450,475",GLYCINE MAX ,2012B,3,3,8,2.5,GRANO SECO
50,META,50001,VILLAVICENCIO,LEGUMINOSAS,SOYA,SOYA,SOYA,"111,031,450,475",GLYCINE MAX ,2012B,"5,220","5,220","15,772",3,GRANO SECO
50,META,50568,PUERTO GAITAN,LEGUMINOSAS,SOYA,SOYA,SOYA,"111,031,450,475",GLYCINE MAX ,2012B,"2,484","2,484","6,287",2.5,GRANO SECO
50,META,50124,CABUYARO,LEGUMINOSAS,SOYA,SOYA,SOYA,"111,031,450,475",GLYCINE MAX ,2012B,653,653,"1,655",2.5,GRANO SECO
50,META,50573,PUERTO LOPEZ,LEGUMINOSAS,SOYA,SOYA,SOYA,"111,031,450,475",GLYCINE MAX ,2012B,593,593,"1,599",2.7,GRANO SECO
50,META,50287,FUENTE DE ORO,LEGUMINOSAS,SOYA,SOYA,SOYA,"111,031,450,475",GLYCINE MAX ,2012B,384,384,863,2.2,GRANO SECO
50,META,50226,CUMARAL,LEGUMINOSAS,SOYA,SOYA,SOYA,"111,031,450,475",GLYCINE MAX ,2012B,353,353,724,2.1,GRANO SECO
50,META,50400,LEJANIAS,LEGUMINOSAS,SOYA,SOYA,SOYA,"111,031,450,475",GLYCINE MAX ,2012B,100,100,180,1.8,GRANO SECO
50,META,50006,ACACIAS,LEGUMINOSAS,SOYA,SOYA,SOYA,"111,031,450,475",GLYCINE MAX ,2012B,85,85,204,2.4,GRANO SECO
50,META,50606,RESTREPO,LEGUMINOSAS,SOYA,SOYA,SOYA,"111,031,450,475",GLYCINE MAX ,2012B,67,67,151,2.3,GRANO SECO
50,META,50711,VISTA HERMOSA,LEGUMINOSAS,SOYA,SOYA,SOYA,"111,031,450,475",GLYCINE MAX ,2012B,61,61,137,2.2,GRANO SECO
50,META,50251,EL CASTILLO,LEGUMINOSAS,SOYA,SOYA,SOYA,"111,031,450,475",GLYCINE MAX ,2012B,60,60,108,1.8,GRANO SECO
76,VALLE DEL CAUCA,76823,TORO,LEGUMINOSAS,SOYA,SOYA,SOYA,"111,031,450,475",GLYCINE MAX ,2012B,"1,477","1,477","4,699",3.2,GRANO SECO
76,VALLE DEL CAUCA,76622,ROLDANILLO,LEGUMINOSAS,SOYA,SOYA,SOYA,"111,031,450,475",GLYCINE MAX ,2012B,497,497,"1,582",3.2,GRANO SECO
76,VALLE DEL CAUCA,76497,OBANDO,LEGUMINOSAS,SOYA,SOYA,SOYA,"111,031,450,475",GLYCINE MAX ,2012B,224,224,711,3.2,GRANO SECO
76,VALLE DEL CAUCA,76111,BUGA,LEGUMINOSAS,SOYA,SOYA,SOYA,"111,031,450,475",GLYCINE MAX ,2012B,110,108,248,2.3,GRANO SECO
76,VALLE DEL CAUCA,76122,CAICEDONIA,LEGUMINOSAS,SOYA,SOYA,SOYA,"111,031,450,475",GLYCINE MAX ,2012B,73,73,161,2.2,GRANO SECO
76,VALLE DEL CAUCA,76147,CARTAGO,LEGUMINOSAS,SOYA,SOYA,SOYA,"111,031,450,475",GLYCINE MAX ,2012B,57,57,182,3.2,GRANO SECO
76,VALLE DEL CAUCA,76403,LA VICTORIA,LEGUMINOSAS,SOYA,SOYA,SOYA,"111,031,450,475",GLYCINE MAX ,2012B,40,20,56,2.8,GRANO SECO
76,VALLE DEL CAUCA,76100,BOLIVAR,LEGUMINOSAS,SOYA,SOYA,SOYA,"111,031,450,475",GLYCINE MAX ,2012B,30,30,90,3,GRANO SECO
99,VICHADA,99624,SANTA ROSALIA,LEGUMINOSAS,SOYA,SOYA,SOYA,"111,031,450,475",GLYCINE MAX ,2012B,150,150,315,2.1,GRANO SECO
19,CAUCA,19300,GUACHENE,LEGUMINOSAS,SOYA,SOYA,SOYA,"111,031,450,475",GLYCINE MAX ,2013A,4,4,10,2.5,GRANO SECO
41,HUILA,41615,RIVERA,LEGUMINOSAS,SOYA,SOYA,SOYA,"111,031,450,475",GLYCINE MAX ,2013A,6,6,14,2.6,GRANO SECO
50,META,50568,PUERTO GAITAN,LEGUMINOSAS,SOYA,SOYA,SOYA,"111,031,450,475",GLYCINE MAX ,2013A,"6,192","6,192","16,592",2.7,GRANO SECO
50,META,50573,PUERTO LOPEZ,LEGUMINOSAS,SOYA,SOYA,SOYA,"111,031,450,475",GLYCINE MAX ,2013A,"3,458","3,458","9,213",2.7,GRANO SECO
66,RISARALDA,66001,PEREIRA,LEGUMINOSAS,SOYA,SOYA,SOYA,"111,031,450,475",GLYCINE MAX ,2013A,64,64,140,2.2,GRANO SECO
76,VALLE DEL CAUCA,76497,OBANDO,LEGUMINOSAS,SOYA,SOYA,SOYA,"111,031,450,475",GLYCINE MAX ,2013A,773,773,"1,845",2.4,GRANO SECO
76,VALLE DEL CAUCA,76147,CARTAGO,LEGUMINOSAS,SOYA,SOYA,SOYA,"111,031,450,475",GLYCINE MAX ,2013A,273,273,621,2.3,GRANO SECO
76,VALLE DEL CAUCA,76113,BUGALAGRANDE,LEGUMINOSAS,SOYA,SOYA,SOYA,"111,031,450,475",GLYCINE MAX ,2013A,19,19,54,2.8,GRANO SECO
76,VALLE DEL CAUCA,76403,LA VICTORIA,LEGUMINOSAS,SOYA,SOYA,SOYA,"111,031,450,475",GLYCINE MAX ,2013A,5,5,13,2.7,GRANO SECO
99,VICHADA,99773,CUMARIBO,LEGUMINOSAS,SOYA,SOYA,SOYA,"111,031,450,475",GLYCINE MAX ,2013A,"6,830","6,830","18,958",2.8,GRANO SECO
99,VICHADA,99624,SANTA ROSALIA,LEGUMINOSAS,SOYA,SOYA,SOYA,"111,031,450,475",GLYCINE MAX ,2013A,810,810,"1,944",2.4,GRANO SECO
50,META,50573,PUERTO LOPEZ,LEGUMINOSAS,SOYA,SOYA,SOYA,"111,031,450,475",GLYCINE MAX ,2013B,"8,232","8,232","20,324",2.5,GRANO SECO
50,META,50568,PUERTO GAITAN,LEGUMINOSAS,SOYA,SOYA,SOYA,"111,031,450,475",GLYCINE MAX ,2013B,"2,881","2,881","7,193",2.5,GRANO SECO
50,META,50287,FUENTE DE ORO,LEGUMINOSAS,SOYA,SOYA,SOYA,"111,031,450,475",GLYCINE MAX ,2013B,657,657,"1,970",3,GRANO SECO
50,META,50711,VISTA HERMOSA,LEGUMINOSAS,SOYA,SOYA,SOYA,"111,031,450,475",GLYCINE MAX ,2013B,363,363,"1,088",3,GRANO SECO
50,META,50313,GRANADA,LEGUMINOSAS,SOYA,SOYA,SOYA,"111,031,450,475",GLYCINE MAX ,2013B,321,321,963,3,GRANO SECO
50,META,50577,PUERTO LLERAS,LEGUMINOSAS,SOYA,SOYA,SOYA,"111,031,450,475",GLYCINE MAX ,2013B,102,102,306,3,GRANO SECO
50,META,50400,LEJANIAS,LEGUMINOSAS,SOYA,SOYA,SOYA,"111,031,450,475",GLYCINE MAX ,2013B,24,24,72,3,GRANO SECO
76,VALLE DEL CAUCA,76497,OBANDO,LEGUMINOSAS,SOYA,SOYA,SOYA,"111,031,450,475",GLYCINE MAX ,2013B,672,672,"1,771",2.6,GRANO SECO
76,VALLE DEL CAUCA,76147,CARTAGO,LEGUMINOSAS,SOYA,SOYA,SOYA,"111,031,450,475",GLYCINE MAX ,2013B,222,222,586,2.6,GRANO SECO
76,VALLE DEL CAUCA,76823,TORO,LEGUMINOSAS,SOYA,SOYA,SOYA,"111,031,450,475",GLYCINE MAX ,2013B,181,181,474,2.6,GRANO SECO
76,VALLE DEL CAUCA,76113,BUGALAGRANDE,LEGUMINOSAS,SOYA,SOYA,SOYA,"111,031,450,475",GLYCINE MAX ,2013B,24,24,71,3,GRANO SECO
76,VALLE DEL CAUCA,76403,LA VICTORIA,LEGUMINOSAS,SOYA,SOYA,SOYA,"111,031,450,475",GLYCINE MAX ,2013B,18,18,46,2.6,GRANO SECO
99,VICHADA,99773,CUMARIBO,LEGUMINOSAS,SOYA,SOYA,SOYA,"111,031,450,475",GLYCINE MAX ,2013B,"6,441","6,441","14,122",2.2,GRANO SECO
85,CASANARE,85440,VILLANUEVA,LEGUMINOSAS,SOYA,SOYA,SOYA,"111,031,450,475",GLYCINE MAX ,2014A,500,500,"1,000",2,GRANO SECO
85,CASANARE,85162,MONTERREY,LEGUMINOSAS,SOYA,SOYA,SOYA,"111,031,450,475",GLYCINE MAX ,2014A,300,300,540,1.8,GRANO SECO
50,META,50568,PUERTO GAITAN,LEGUMINOSAS,SOYA,SOYA,SOYA,"111,031,450,475",GLYCINE MAX ,2014A,"6,600","6,600","16,500",2.5,GRANO SECO
50,META,50573,PUERTO LOPEZ,LEGUMINOSAS,SOYA,SOYA,SOYA,"111,031,450,475",GLYCINE MAX ,2014A,"3,600","3,600","7,920",2.2,GRANO SECO
66,RISARALDA,66001,PEREIRA,LEGUMINOSAS,SOYA,SOYA,SOYA,"111,031,450,475",GLYCINE MAX ,2014A,8,8,18,2.2,GRANO SECO
76,VALLE DEL CAUCA,76497,OBANDO,LEGUMINOSAS,SOYA,SOYA,SOYA,"111,031,450,475",GLYCINE MAX ,2014A,908,908,"2,633",2.9,GRANO SECO
76,VALLE DEL CAUCA,76147,CARTAGO,LEGUMINOSAS,SOYA,SOYA,SOYA,"111,031,450,475",GLYCINE MAX ,2014A,286,286,600,2.1,GRANO SECO
76,VALLE DEL CAUCA,76403,LA VICTORIA,LEGUMINOSAS,SOYA,SOYA,SOYA,"111,031,450,475",GLYCINE MAX ,2014A,160,160,480,3,GRANO SECO
76,VALLE DEL CAUCA,76122,CAICEDONIA,LEGUMINOSAS,SOYA,SOYA,SOYA,"111,031,450,475",GLYCINE MAX ,2014A,63,63,139,2.2,GRANO SECO
76,VALLE DEL CAUCA,76823,TORO,LEGUMINOSAS,SOYA,SOYA,SOYA,"111,031,450,475",GLYCINE MAX ,2014A,60,50,195,3.9,GRANO SECO
76,VALLE DEL CAUCA,76111,BUGA,LEGUMINOSAS,SOYA,SOYA,SOYA,"111,031,450,475",GLYCINE MAX ,2014A,23,23,58,2.5,GRANO SECO
76,VALLE DEL CAUCA,76670,SAN PEDRO,LEGUMINOSAS,SOYA,SOYA,SOYA,"111,031,450,475",GLYCINE MAX ,2014A,20,20,50,2.5,GRANO SECO
99,VICHADA,99773,CUMARIBO,LEGUMINOSAS,SOYA,SOYA,SOYA,"111,031,450,475",GLYCINE MAX ,2014A,"2,500","2,450","9,065",3.7,GRANO SECO
99,VICHADA,99624,SANTA ROSALIA,LEGUMINOSAS,SOYA,SOYA,SOYA,"111,031,450,475",GLYCINE MAX ,2014A,810,810,"1,944",2.4,GRANO SECO
19,CAUCA,19300,GUACHENE,LEGUMINOSAS,SOYA,SOYA,SOYA,"111,031,450,475",GLYCINE MAX ,2014B,2,2,4,2,GRANO SECO
41,HUILA,41615,RIVERA,LEGUMINOSAS,SOYA,SOYA,SOYA,"111,031,450,475",GLYCINE MAX ,2014B,2,2,5,2.5,GRANO SECO
50,META,50573,PUERTO LOPEZ,LEGUMINOSAS,SOYA,SOYA,SOYA,"111,031,450,475",GLYCINE MAX ,2014B,"8,232","8,232","18,110",2.2,GRANO SECO
50,META,50568,PUERTO GAITAN,LEGUMINOSAS,SOYA,SOYA,SOYA,"111,031,450,475",GLYCINE MAX ,2014B,"3,600","3,600","9,000",2.5,GRANO SECO
50,META,50313,GRANADA,LEGUMINOSAS,SOYA,SOYA,SOYA,"111,031,450,475",GLYCINE MAX ,2014B,250,250,625,2.5,GRANO SECO
50,META,50287,FUENTE DE ORO,LEGUMINOSAS,SOYA,SOYA,SOYA,"111,031,450,475",GLYCINE MAX ,2014B,200,200,500,2.5,GRANO SECO
50,META,50577,PUERTO LLERAS,LEGUMINOSAS,SOYA,SOYA,SOYA,"111,031,450,475",GLYCINE MAX ,2014B,102,102,255,2.5,GRANO SECO
50,META,50400,LEJANIAS,LEGUMINOSAS,SOYA,SOYA,SOYA,"111,031,450,475",GLYCINE MAX ,2014B,24,24,43,1.8,GRANO SECO
66,RISARALDA,66001,PEREIRA,LEGUMINOSAS,SOYA,SOYA,SOYA,"111,031,450,475",GLYCINE MAX ,2014B,5,2,1,0.5,GRANO SECO
76,VALLE DEL CAUCA,76497,OBANDO,LEGUMINOSAS,SOYA,SOYA,SOYA,"111,031,450,475",GLYCINE MAX ,2014B,669,669,"1,940",2.9,GRANO SECO
76,VALLE DEL CAUCA,76147,CARTAGO,LEGUMINOSAS,SOYA,SOYA,SOYA,"111,031,450,475",GLYCINE MAX ,2014B,348,348,730,2.1,GRANO SECO
76,VALLE DEL CAUCA,76403,LA VICTORIA,LEGUMINOSAS,SOYA,SOYA,SOYA,"111,031,450,475",GLYCINE MAX ,2014B,168,168,504,3,GRANO SECO
76,VALLE DEL CAUCA,76823,TORO,LEGUMINOSAS,SOYA,SOYA,SOYA,"111,031,450,475",GLYCINE MAX ,2014B,90,85,332,3.9,GRANO SECO
76,VALLE DEL CAUCA,76122,CAICEDONIA,LEGUMINOSAS,SOYA,SOYA,SOYA,"111,031,450,475",GLYCINE MAX ,2014B,63,63,139,2.2,GRANO SECO
76,VALLE DEL CAUCA,76670,SAN PEDRO,LEGUMINOSAS,SOYA,SOYA,SOYA,"111,031,450,475",GLYCINE MAX ,2014B,30,30,75,2.5,GRANO SECO
76,VALLE DEL CAUCA,76111,BUGA,LEGUMINOSAS,SOYA,SOYA,SOYA,"111,031,450,475",GLYCINE MAX ,2014B,25,25,63,2.5,GRANO SECO
99,VICHADA,99773,CUMARIBO,LEGUMINOSAS,SOYA,SOYA,SOYA,"111,031,450,475",GLYCINE MAX ,2014B,"2,500","2,458","9,340",3.8,GRANO SECO
99,VICHADA,99624,SANTA ROSALIA,LEGUMINOSAS,SOYA,SOYA,SOYA,"111,031,450,475",GLYCINE MAX ,2014B,810,810,"1,944",2.4,GRANO SECO
19,CAUCA,19300,GUACHENE,LEGUMINOSAS,SOYA,SOYA,SOYA,"111,031,450,475",GLYCINE MAX ,2015A,2,2,4,2,GRANO SECO
50,META,50568,PUERTO GAITAN,LEGUMINOSAS,SOYA,SOYA,SOYA,"111,031,450,475",GLYCINE MAX ,2015A,"6,720","6,720","20,160",3,GRANO SECO
50,META,50573,PUERTO LOPEZ,LEGUMINOSAS,SOYA,SOYA,SOYA,"111,031,450,475",GLYCINE MAX ,2015A,"3,400","3,400","9,520",2.8,GRANO SECO
63,QUINDIO,63594,QUIMBAYA,LEGUMINOSAS,SOYA,SOYA,SOYA,"111,031,450,475",GLYCINE MAX ,2015A,1,1,2,2.2,GRANO SECO
76,VALLE DEL CAUCA,76497,OBANDO,LEGUMINOSAS,SOYA,SOYA,SOYA,"111,031,450,475",GLYCINE MAX ,2015A,"1,198","1,198","2,995",2.5,GRANO SECO
76,VALLE DEL CAUCA,76895,ZARZAL,LEGUMINOSAS,SOYA,SOYA,SOYA,"111,031,450,475",GLYCINE MAX ,2015A,851,851,"1,872",2.2,GRANO SECO
76,VALLE DEL CAUCA,76147,CARTAGO,LEGUMINOSAS,SOYA,SOYA,SOYA,"111,031,450,475",GLYCINE MAX ,2015A,555,555,"1,388",2.5,GRANO SECO
76,VALLE DEL CAUCA,76823,TORO,LEGUMINOSAS,SOYA,SOYA,SOYA,"111,031,450,475",GLYCINE MAX ,2015A,213,213,639,3,GRANO SECO
76,VALLE DEL CAUCA,76622,ROLDANILLO,LEGUMINOSAS,SOYA,SOYA,SOYA,"111,031,450,475",GLYCINE MAX ,2015A,132,132,290,2.2,GRANO SECO
76,VALLE DEL CAUCA,76403,LA VICTORIA,LEGUMINOSAS,SOYA,SOYA,SOYA,"111,031,450,475",GLYCINE MAX ,2015A,109,109,218,2,GRANO SECO
76,VALLE DEL CAUCA,76122,CAICEDONIA,LEGUMINOSAS,SOYA,SOYA,SOYA,"111,031,450,475",GLYCINE MAX ,2015A,68,68,150,2.2,GRANO SECO
76,VALLE DEL CAUCA,76670,SAN PEDRO,LEGUMINOSAS,SOYA,SOYA,SOYA,"111,031,450,475",GLYCINE MAX ,2015A,43,43,108,2.5,GRANO SECO
99,VICHADA,99773,CUMARIBO,LEGUMINOSAS,SOYA,SOYA,SOYA,"111,031,450,475",GLYCINE MAX ,2015A,"8,000","8,000","21,600",2.7,GRANO SECO
85,CASANARE,85440,VILLANUEVA,LEGUMINOSAS,SOYA,SOYA,SOYA,"111,031,450,475",GLYCINE MAX ,2015B,200,200,400,2,GRANO SECO
19,CAUCA,19300,GUACHENE,LEGUMINOSAS,SOYA,SOYA,SOYA,"111,031,450,475",GLYCINE MAX ,2015B,2,2,4,2,GRANO SECO
50,META,50573,PUERTO LOPEZ,LEGUMINOSAS,SOYA,SOYA,SOYA,"111,031,450,475",GLYCINE MAX ,2015B,"2,565","2,565","6,413",2.5,GRANO SECO
50,META,50568,PUERTO GAITAN,LEGUMINOSAS,SOYA,SOYA,SOYA,"111,031,450,475",GLYCINE MAX ,2015B,"2,250","2,250","5,625",2.5,GRANO SECO
50,META,50313,GRANADA,LEGUMINOSAS,SOYA,SOYA,SOYA,"111,031,450,475",GLYCINE MAX ,2015B,980,980,"1,960",2,GRANO SECO
50,META,50001,VILLAVICENCIO,LEGUMINOSAS,SOYA,SOYA,SOYA,"111,031,450,475",GLYCINE MAX ,2015B,950,950,"2,375",2.5,GRANO SECO
50,META,50287,FUENTE DE ORO,LEGUMINOSAS,SOYA,SOYA,SOYA,"111,031,450,475",GLYCINE MAX ,2015B,860,860,"1,720",2,GRANO SECO
50,META,50711,VISTA HERMOSA,LEGUMINOSAS,SOYA,SOYA,SOYA,"111,031,450,475",GLYCINE MAX ,2015B,560,560,"1,120",2,GRANO SECO
50,META,50577,PUERTO LLERAS,LEGUMINOSAS,SOYA,SOYA,SOYA,"111,031,450,475",GLYCINE MAX ,2015B,280,280,560,2,GRANO SECO
50,META,50124,CABUYARO,LEGUMINOSAS,SOYA,SOYA,SOYA,"111,031,450,475",GLYCINE MAX ,2015B,125,125,313,2.5,GRANO SECO
50,META,50400,LEJANIAS,LEGUMINOSAS,SOYA,SOYA,SOYA,"111,031,450,475",GLYCINE MAX ,2015B,120,120,240,2,GRANO SECO
63,QUINDIO,63594,QUIMBAYA,LEGUMINOSAS,SOYA,SOYA,SOYA,"111,031,450,475",GLYCINE MAX ,2015B,1,1,3,3,GRANO SECO
76,VALLE DEL CAUCA,76497,OBANDO,LEGUMINOSAS,SOYA,SOYA,SOYA,"111,031,450,475",GLYCINE MAX ,2015B,592,592,"1,480",2.5,GRANO SECO
76,VALLE DEL CAUCA,76403,LA VICTORIA,LEGUMINOSAS,SOYA,SOYA,SOYA,"111,031,450,475",GLYCINE MAX ,2015B,199,199,398,2,GRANO SECO
76,VALLE DEL CAUCA,76147,CARTAGO,LEGUMINOSAS,SOYA,SOYA,SOYA,"111,031,450,475",GLYCINE MAX ,2015B,154,154,385,2.5,GRANO SECO
76,VALLE DEL CAUCA,76895,ZARZAL,LEGUMINOSAS,SOYA,SOYA,SOYA,"111,031,450,475",GLYCINE MAX ,2015B,115,115,253,2.2,GRANO SECO
76,VALLE DEL CAUCA,76823,TORO,LEGUMINOSAS,SOYA,SOYA,SOYA,"111,031,450,475",GLYCINE MAX ,2015B,103,103,309,3,GRANO SECO
76,VALLE DEL CAUCA,76122,CAICEDONIA,LEGUMINOSAS,SOYA,SOYA,SOYA,"111,031,450,475",GLYCINE MAX ,2015B,68,68,150,2.2,GRANO SECO
76,VALLE DEL CAUCA,76622,ROLDANILLO,LEGUMINOSAS,SOYA,SOYA,SOYA,"111,031,450,475",GLYCINE MAX ,2015B,40,40,88,2.2,GRANO SECO
76,VALLE DEL CAUCA,76670,SAN PEDRO,LEGUMINOSAS,SOYA,SOYA,SOYA,"111,031,450,475",GLYCINE MAX ,2015B,17,17,43,2.5,GRANO SECO
99,VICHADA,99773,CUMARIBO,LEGUMINOSAS,SOYA,SOYA,SOYA,"111,031,450,475",GLYCINE MAX ,2015B,"8,000","8,000","21,600",2.7,GRANO SECO
99,VICHADA,99624,SANTA ROSALIA,LEGUMINOSAS,SOYA,SOYA,SOYA,"111,031,450,475",GLYCINE MAX ,2015B,"1,600","1,600","3,840",2.4,GRANO SECO
19,CAUCA,19300,GUACHENE,LEGUMINOSAS,SOYA,SOYA,SOYA,"111,031,450,475",GLYCINE MAX ,2016A,2,2,4,2,GRANO SECO
50,META,50568,PUERTO GAITAN,LEGUMINOSAS,SOYA,SOYA,SOYA,"111,031,450,475",GLYCINE MAX ,2016A,"6,720","6,720","20,160",3,GRANO SECO
50,META,50573,PUERTO LOPEZ,LEGUMINOSAS,SOYA,SOYA,SOYA,"111,031,450,475",GLYCINE MAX ,2016A,"3,230","3,230","8,592",2.7,GRANO SECO
63,QUINDIO,63594,QUIMBAYA,LEGUMINOSAS,SOYA,SOYA,SOYA,"111,031,450,475",GLYCINE MAX ,2016A,1,1,2,2.2,GRANO SECO
76,VALLE DEL CAUCA,76497,OBANDO,LEGUMINOSAS,SOYA,SOYA,SOYA,"111,031,450,475",GLYCINE MAX ,2016A,"1,186","1,186","2,941",2.5,GRANO SECO
76,VALLE DEL CAUCA,76895,ZARZAL,LEGUMINOSAS,SOYA,SOYA,SOYA,"111,031,450,475",GLYCINE MAX ,2016A,902,902,"2,102",2.3,GRANO SECO
76,VALLE DEL CAUCA,76147,CARTAGO,LEGUMINOSAS,SOYA,SOYA,SOYA,"111,031,450,475",GLYCINE MAX ,2016A,599,599,"1,618",2.7,GRANO SECO
76,VALLE DEL CAUCA,76823,TORO,LEGUMINOSAS,SOYA,SOYA,SOYA,"111,031,450,475",GLYCINE MAX ,2016A,209,209,614,2.9,GRANO SECO
76,VALLE DEL CAUCA,76622,ROLDANILLO,LEGUMINOSAS,SOYA,SOYA,SOYA,"111,031,450,475",GLYCINE MAX ,2016A,137,137,314,2.3,GRANO SECO
76,VALLE DEL CAUCA,76403,LA VICTORIA,LEGUMINOSAS,SOYA,SOYA,SOYA,"111,031,450,475",GLYCINE MAX ,2016A,108,108,214,2,GRANO SECO
76,VALLE DEL CAUCA,76122,CAICEDONIA,LEGUMINOSAS,SOYA,SOYA,SOYA,"111,031,450,475",GLYCINE MAX ,2016A,73,73,171,2.4,GRANO SECO
76,VALLE DEL CAUCA,76670,SAN PEDRO,LEGUMINOSAS,SOYA,SOYA,SOYA,"111,031,450,475",GLYCINE MAX ,2016A,44,44,112,2.6,GRANO SECO
99,VICHADA,99773,CUMARIBO,LEGUMINOSAS,SOYA,SOYA,SOYA,"111,031,450,475",GLYCINE MAX ,2016A,"7,920","7,920","21,146",2.7,GRANO SECO
85,CASANARE,85440,VILLANUEVA,LEGUMINOSAS,SOYA,SOYA,SOYA,"111,031,450,475",GLYCINE MAX ,2016B,208,208,433,2.1,GRANO SECO
19,CAUCA,19300,GUACHENE,LEGUMINOSAS,SOYA,SOYA,SOYA,"111,031,450,475",GLYCINE MAX ,2016B,2,2,4,2,GRANO SECO
50,META,50573,PUERTO LOPEZ,LEGUMINOSAS,SOYA,SOYA,SOYA,"111,031,450,475",GLYCINE MAX ,2016B,"2,514","2,514","6,159",2.5,GRANO SECO
50,META,50568,PUERTO GAITAN,LEGUMINOSAS,SOYA,SOYA,SOYA,"111,031,450,475",GLYCINE MAX ,2016B,"2,273","2,273","5,749",2.5,GRANO SECO
50,META,50313,GRANADA,LEGUMINOSAS,SOYA,SOYA,SOYA,"111,031,450,475",GLYCINE MAX ,2016B,"1,078","1,078","2,372",2.2,GRANO SECO
50,META,50001,VILLAVICENCIO,LEGUMINOSAS,SOYA,SOYA,SOYA,"111,031,450,475",GLYCINE MAX ,2016B,912,912,"2,189",2.4,GRANO SECO
50,META,50287,FUENTE DE ORO,LEGUMINOSAS,SOYA,SOYA,SOYA,"111,031,450,475",GLYCINE MAX ,2016B,817,817,"1,552",1.9,GRANO SECO
50,META,50711,VISTA HERMOSA,LEGUMINOSAS,SOYA,SOYA,SOYA,"111,031,450,475",GLYCINE MAX ,2016B,554,554,"1,098",2,GRANO SECO
50,META,50577,PUERTO LLERAS,LEGUMINOSAS,SOYA,SOYA,SOYA,"111,031,450,475",GLYCINE MAX ,2016B,277,277,549,2,GRANO SECO
50,META,50400,LEJANIAS,LEGUMINOSAS,SOYA,SOYA,SOYA,"111,031,450,475",GLYCINE MAX ,2016B,130,130,280,2.2,GRANO SECO
50,META,50124,CABUYARO,LEGUMINOSAS,SOYA,SOYA,SOYA,"111,031,450,475",GLYCINE MAX ,2016B,124,124,307,2.5,GRANO SECO
63,QUINDIO,63594,QUIMBAYA,LEGUMINOSAS,SOYA,SOYA,SOYA,"111,031,450,475",GLYCINE MAX ,2016B,1,1,3,3.1,GRANO SECO
76,VALLE DEL CAUCA,76497,OBANDO,LEGUMINOSAS,SOYA,SOYA,SOYA,"111,031,450,475",GLYCINE MAX ,2016B,610,610,"1,573",2.6,GRANO SECO
76,VALLE DEL CAUCA,76403,LA VICTORIA,LEGUMINOSAS,SOYA,SOYA,SOYA,"111,031,450,475",GLYCINE MAX ,2016B,203,203,414,2,GRANO SECO
76,VALLE DEL CAUCA,76147,CARTAGO,LEGUMINOSAS,SOYA,SOYA,SOYA,"111,031,450,475",GLYCINE MAX ,2016B,165,165,442,2.7,GRANO SECO
76,VALLE DEL CAUCA,76895,ZARZAL,LEGUMINOSAS,SOYA,SOYA,SOYA,"111,031,450,475",GLYCINE MAX ,2016B,112,112,238,2.1,GRANO SECO
76,VALLE DEL CAUCA,76823,TORO,LEGUMINOSAS,SOYA,SOYA,SOYA,"111,031,450,475",GLYCINE MAX ,2016B,100,100,291,2.9,GRANO SECO
76,VALLE DEL CAUCA,76122,CAICEDONIA,LEGUMINOSAS,SOYA,SOYA,SOYA,"111,031,450,475",GLYCINE MAX ,2016B,68,68,150,2.2,GRANO SECO
76,VALLE DEL CAUCA,76622,ROLDANILLO,LEGUMINOSAS,SOYA,SOYA,SOYA,"111,031,450,475",GLYCINE MAX ,2016B,38,38,81,2.1,GRANO SECO
76,VALLE DEL CAUCA,76670,SAN PEDRO,LEGUMINOSAS,SOYA,SOYA,SOYA,"111,031,450,475",GLYCINE MAX ,2016B,19,19,51,2.8,GRANO SECO
99,VICHADA,99773,CUMARIBO,LEGUMINOSAS,SOYA,SOYA,SOYA,"111,031,450,475",GLYCINE MAX ,2016B,"8,000","8,000","21,600",2.7,GRANO SECO
99,VICHADA,99624,SANTA ROSALIA,LEGUMINOSAS,SOYA,SOYA,SOYA,"111,031,450,475",GLYCINE MAX ,2016B,"1,632","1,632","3,998",2.5,GRANO SECO
19,CAUCA,19300,GUACHENE,LEGUMINOSAS,SOYA,SOYA,SOYA,"111,031,450,475",GLYCINE MAX ,2017A,2,2,4,2.1,GRANO SECO
50,META,50568,PUERTO GAITAN,LEGUMINOSAS,SOYA,SOYA,SOYA,"111,031,450,475",GLYCINE MAX ,2017A,"6,664","6,664","16,327",2.5,GRANO SECO
50,META,50573,PUERTO LOPEZ,LEGUMINOSAS,SOYA,SOYA,SOYA,"111,031,450,475",GLYCINE MAX ,2017A,"3,675","3,675","9,665",2.6,GRANO SECO
63,QUINDIO,63594,QUIMBAYA,LEGUMINOSAS,SOYA,SOYA,SOYA,"111,031,450,475",GLYCINE MAX ,2017A,1,1,3,3,GRANO SECO
76,VALLE DEL CAUCA,76497,OBANDO,LEGUMINOSAS,SOYA,SOYA,SOYA,"111,031,450,475",GLYCINE MAX ,2017A,"1,248","1,248","3,507",2.8,GRANO SECO
76,VALLE DEL CAUCA,76147,CARTAGO,LEGUMINOSAS,SOYA,SOYA,SOYA,"111,031,450,475",GLYCINE MAX ,2017A,206,206,531,2.6,GRANO SECO
76,VALLE DEL CAUCA,76403,LA VICTORIA,LEGUMINOSAS,SOYA,SOYA,SOYA,"111,031,450,475",GLYCINE MAX ,2017A,156,156,324,2.1,GRANO SECO
76,VALLE DEL CAUCA,76895,ZARZAL,LEGUMINOSAS,SOYA,SOYA,SOYA,"111,031,450,475",GLYCINE MAX ,2017A,118,118,269,2.3,GRANO SECO
76,VALLE DEL CAUCA,76823,TORO,LEGUMINOSAS,SOYA,SOYA,SOYA,"111,031,450,475",GLYCINE MAX ,2017A,100,100,400,4,GRANO SECO
76,VALLE DEL CAUCA,76122,CAICEDONIA,LEGUMINOSAS,SOYA,SOYA,SOYA,"111,031,450,475",GLYCINE MAX ,2017A,75,75,181,2.4,GRANO SECO
76,VALLE DEL CAUCA,76622,ROLDANILLO,LEGUMINOSAS,SOYA,SOYA,SOYA,"111,031,450,475",GLYCINE MAX ,2017A,38,38,81,2.1,GRANO SECO
76,VALLE DEL CAUCA,76670,SAN PEDRO,LEGUMINOSAS,SOYA,SOYA,SOYA,"111,031,450,475",GLYCINE MAX ,2017A,13,13,34,2.7,GRANO SECO
99,VICHADA,99773,CUMARIBO,LEGUMINOSAS,SOYA,SOYA,SOYA,"111,031,450,475",GLYCINE MAX ,2017A,"16,320","16,320","44,880",2.8,GRANO SECO
99,VICHADA,99624,SANTA ROSALIA,LEGUMINOSAS,SOYA,SOYA,SOYA,"111,031,450,475",GLYCINE MAX ,2017A,"1,680","1,680","4,234",2.5,GRANO SECO
